sort,mm
0.0222832512,0.007873730800000001
0.10736215680000001,0.05176348439999999
1.1255800248,0.3530814454
12.574220927999999,1.0159688134
25.9460101996,2.3530193164
